,Company,Revenue Growth (%),Net Income Growth (%),Assets Growth (%),Liabilities Growth (%),Cash Flow Growth (%)
0,Apple,0.2993242688961136,2.1239268180130924,-1.1159472109295316,-0.5672123302631228,1.326727132366423
1,Microsoft,-6.662011340840287,-5.7924920677828915,-10.334329675619701,-6.396540008707053,-8.154016064060688
2,Tesla,-5.58674846340439,31.06358304718719,-11.810400312132662,-8.797871175474,-0.03214853346353171
